{"WDR83OS": 5.236181788571504e-10, "RIOK1": 3.4730125206506053e-07, "MIDN": 1.21844439530521e-06, "PTPN23": 2.9937266593179805e-06, "THOC5": 5.662047196668097e-06, "DCAF10": 7.974154597255626e-06, "ADCY4": 1.2105306992029176e-05, "SMAD2": 1.6198845664060083e-05, "CAAP1": 2.1667995890898998e-05, "FAU": 2.8294324482824396e-05, "COL4A3BP": 3.2705736068708866e-05, "RPS3A": 3.8379587411933175e-05, "SNX9": 4.5679385338781575e-05, "GRPEL1": 5.306374599181943e-05, "C2orf76": 6.354674325669083e-05, "TNP1": 7.472526776944668e-05, "EPS15": 8.23991563830874e-05, "DTX3": 9.32672583056288e-05, "PIK3C3": 0.00010446914212380257, "ORAOV1": 0.0001164056049819985, "MAGI3": 0.00012738299897652183, "NAGK": 0.00014213970171741367, "WISP3": 0.00015527933251741413, "UNC5B": 0.00017309426890489699, "PIK3R2": 0.00019201189460021917, "APH1B": 0.00021044638447559674, "TPSAB1": 0.00022762097216877386, "INSR": 0.00024705154263990683, "MTMR9": 0.00026867384983476905, "PPP1R35": 0.0002853778342973984, "HBG1": 0.00031349561789326477, "PIGX": 0.0003391063359894364, "ELMO3": 0.00035811804821248364, "ADO": 0.0003801496294669783, "SEC13": 0.00040294358869442937, "JRKL": 0.00042619918385250824, "THEM4": 0.0004473220439012021, "TRIM74": 0.0004737588151438078, "APPL2": 0.0005044880235960947, "C18orf8": 0.0005311404347666283, "PTEN": 0.000557894198202017, "NSL1": 0.000587209508747924, "MAPK8IP3": 0.0006185203667584717, "C16orf72": 0.0006354025136880992, "NR2F6": 0.0006616702883829352, "LYST": 0.0006934969597003349, "POU2F1": 0.0007286816273217901, "CASQ1": 0.0007653040162298869, "SPARC": 0.0007878863668486918, "LRPPRC": 0.0008285121867936951, "INPP4A": 0.0008658262857639022, "ADAMTSL4": 0.0008954571275182933, "C1orf162": 0.0009194098134946184, "RPAIN": 0.0009546358234774482, "TMEM204": 0.0009850549875791703, "DUSP10": 0.0010222270311475296, "CAPN2": 0.001056006581951055, "ZNF142": 0.001096045417570704, "MIS12": 0.00113266773311832, "ZNF821": 0.001192312591351774, "CPNE5": 0.0012255338654307835, "NARG2": 0.0012654283963227236, "RPS17": 0.0013299494742125134, "ALKBH4": 0.0013789607313802327, "ZNF33B": 0.0014263561750239712, "RDH14": 0.0014898194852008828, "SLC4A7": 0.0015389283232747908, "MCMDC2": 0.0015986939593152366, "BLOC1S1": 0.0016511660607330114, "COPB2": 0.0016945865010953437, "UGT3A2": 0.001742812325752574, "B4GALT4": 0.001799753804997542, "HSPA4": 0.0018461249176594668, "TMEM9B": 0.0019072841806556107, "ZNF414": 0.0019540881732069693, "OST4": 0.001999524703732769, "P4HA3": 0.0020479271709255564, "TPD52": 0.002114176409754878, "B3GAT3": 0.0021509784635052043, "E2F2": 0.002199209957982673, "CTC1": 0.0022768578178889443, "MFAP3": 0.0023311505575552283, "SUMO4": 0.0023818747795739115, "UBE2V2": 0.002438309414228304, "SMC4": 0.0024891329442736088, "PPP2R1A": 0.0025620345001867856, "ZNF429": 0.002625791571242486, "SRSF9": 0.00268807583671761, "ZNF793": 0.002740776763175745, "RPS10": 0.0027942748291265307, "SMAD3": 0.0028575500153477235, "TACC2": 0.002925544408554137, "ACTR2": 0.0030072223679706994, "PIWIL2": 0.0030658916859052088, "RPS6KB1": 0.003125846310693403, "VAMP8": 0.0032135406928981425, "CEP290": 0.003307368788875442, "KIAA1107": 0.003360002461816461, "B3GNT5": 0.0034227341797230665, "ZNF530": 0.003498142021740591, "PPP1R21": 0.003571208244324886, "FAM3D": 0.003673605973901539, "NEURL1B": 0.0037397042438263584, "BLZF1": 0.0038208930963040816, "PEX11G": 0.003912060818291041, "NLE1": 0.003991143729397351, "RBM4B": 0.004085406204155151, "NUP37": 0.004173130901354016, "SLC27A1": 0.004288163330486372, "GLCE": 0.004373228779588401, "AKTIP": 0.004456785664362306, "RARA": 0.004547267716850323, "NME6": 0.004633146824283507, "SPTLC2": 0.004736427199927784, "FAM200B": 0.0048334826446843615, "METTL14": 0.0049239920446473295, "ZNF566": 0.005039012577001678, "TSEN54": 0.005128760952083589, "KIAA0391": 0.005201466839646562, "MRPL2": 0.00527954043718637, "IRGQ": 0.005367798608324981, "APOL6": 0.005453387596446646, "COLCA2": 0.005533144078473384, "TRIP4": 0.00561880960106681, "ZG16B": 0.0057024615165000014, "TMEM150B": 0.005792248656445731, "RANBP3": 0.0058746173333169005, "FAM214B": 0.005998959491520017, "PRKCH": 0.006098330424143816, "INADL": 0.006195994384783354, "SPTBN2": 0.006324810065070574, "MPST": 0.006425768846694491, "KLHL8": 0.006518416603418453, "ZHX3": 0.006610066423825778, "SLC22A7": 0.006739110253915437, "CYSTM1": 0.006834828345193833, "CENPF": 0.006947140988496026, "PRKCDBP": 0.0070968051442668045, "ZNF23": 0.007215651879520557, "ACTR3C": 0.007304578085319202, "ACOT4": 0.0074161581154550404, "DDX42": 0.00752019639136936, "NME7": 0.007675977971332237, "ABCA10": 0.007831378423620805, "MICAL1": 0.007931184810740233, "MTAP": 0.008039043202193119, "FAM117A": 0.008140972105977973, "EPHB1": 0.008243060144641712, "PPP2R5A": 0.00836638119698302, "ANAPC15": 0.008453918645991154, "DCLRE1B": 0.008602613261208314, "C12orf39": 0.00876724399393769, "THOC3": 0.008917340019466202, "TYSND1": 0.009034768711051966, "BOLA2": 0.009159434677352751, "FNTA": 0.009255156138145149, "TBRG4": 0.00940135154092353, "ATAD2": 0.009535193448052814, "SULF2": 0.009697198307457633, "C4orf3": 0.009829499606461845, "SEL1L3": 0.009953269842842616, "CCDC101": 0.010030627718467022, "ANO10": 0.010140786795949597, "OASL": 0.010315045831057967, "ZBTB26": 0.010453912655975728, "PGS1": 0.010607437635727024, "TRIB1": 0.010712029690921554, "CKAP2L": 0.010860367866990295, "SERPINB1": 0.010967925553600821, "RPL35A": 0.01114511842984639, "HIPK3": 0.011290234767528995, "ORAI1": 0.011496973925846143, "GPR68": 0.011673478237850754, "ITGAV": 0.011803413763999737, "SLC28A1": 0.011985012535973338, "MPP6": 0.012165819796605748, "PRR13": 0.012313571539800172, "ARF5": 0.01243026681756959, "SLC4A4": 0.01261530839806202, "PSD3": 0.012755261506312232, "AHSG": 0.012967302200390884, "IER5": 0.0131682972783429, "SPIDR": 0.013274133062282978, "GABARAPL2": 0.013415083119444005, "PVRL3": 0.013582908763854817, "RBFOX2": 0.013695240161082867, "DNAJB12": 0.01383255375735365, "CNN2": 0.01407664426618599, "KCTD15": 0.014252848570602217, "HSBP1L1": 0.014454019544778485, "HSD11B1": 0.014622447026696683, "TMED2": 0.014850498181361083, "RUNX2": 0.015102837327973795, "ZFR": 0.015295714775824865, "ENTPD7": 0.015510538508295646, "ERCC3": 0.01570227960832704, "HUS1B": 0.015928893667123356, "CD244": 0.016081078274338134, "LHPP": 0.016309870660791148, "PLA2G6": 0.01650353489232459, "NAA60": 0.016755013121194873, "IFT172": 0.01693284553813701, "GDI2": 0.017120888556290348, "USP38": 0.01733405333638771, "TTLL7": 0.017500523385028055, "TET2": 0.017725612234347432, "PCYT1A": 0.01791713313770149, "SLC43A2": 0.01817096822122033, "NUCB2": 0.018356147112369436, "MLXIPL": 0.018625123776075725, "ALPL": 0.018819476843648042, "RTN4IP1": 0.019040264878805724, "MFGE8": 0.01929756417678541, "ORC1": 0.019516750731371824, "ISG20L2": 0.01973773610287055, "NPAT": 0.019974797544014544, "ZDHHC14": 0.020161216806613647, "HUNK": 0.020378254524324513, "TSTD2": 0.02060472689702686, "MTMR6": 0.02082123825715687, "RNF152": 0.02102164988750932, "SEC61A2": 0.021231041184188948, "PUS7": 0.0215035613539607, "HIC2": 0.021760217692534667, "SNX4": 0.021977054774451554, "KRI1": 0.022243104170805772, "CHORDC1": 0.022504020810929726, "B3GAT1": 0.0227530830079703, "OSBP": 0.023083396353485774, "EED": 0.02332230284243786, "FRA10AC1": 0.023701434724028525, "SEC22C": 0.024009163194899097, "FBXO42": 0.024331812289163146, "PPM1A": 0.024655903603118867, "ATP13A2": 0.024953003829480958, "THBS3": 0.02524629537832035, "EIF5A": 0.025607404672021383, "WDR45B": 0.025946642482765903, "POLQ": 0.02614951495212381, "M6PR": 0.026481011974486046, "RPS9": 0.026863777546699774, "POP1": 0.027258327628097767, "GPR126": 0.02769498579289209, "SCARF1": 0.028112223387247504, "BID": 0.02839827843857634, "SRRD": 0.02874705651342091, "HNRNPUL2": 0.029066905018117817, "FKBP8": 0.029489231657749748, "FABP1": 0.029863755556821303, "CCDC69": 0.030253979002697884, "RPL8": 0.03085225265307656, "C19orf66": 0.031269705687570815,