{"ESPL1": 0.10026314782154433, "TMCO6": 0.10028687312298246, "FAM173A": 0.10071947801197112, "RPS6KL1": 0.10101264821170819, "CHI3L1": 0.10114084392683154, "TPSG1": 0.10124493834359782, "RANBP17": 0.10143094354926863, "CRIP3": 0.10146498296195716, "SIGLEC12": 0.10147172317715647, "CNTNAP2": 0.1016465532656321, "UROS": 0.10170870318295133, "NOTUM": 0.10183412515790113, "LEKR1": 0.10189604698611276, "MROH6": 0.10204037596324955, "EFCAB13": 0.10205875035586587, "FITM1": 0.10206806194901308, "TAS2R20": 0.10234314525356414, "LYG1": 0.10238057953415591, "ZNF211": 0.10256705187033166, "NPIPA8": 0.10265188199861086, "SMIM8": 0.10270234228798714, "NSUN2": 0.10288711891999558, "DDO": 0.10301211733254068, "ZSCAN21": 0.1030868733992385, "HSF2BP": 0.10312752513644696, "ERMAP": 0.10316695961779843, "ZCCHC11": 0.10321591863189017, "OCEL1": 0.10325073503828808, "CABLES2": 0.10343370375708005, "KLRC2": 0.10404576905784779, "PCYT2": 0.10418295437291025, "PCK1": 0.10425401544953061, "TMOD1": 0.10461047463549278, "CCDC13": 0.10465854084193982, "MARCH2": 0.10479356313750632, "USP6": 0.10482874108680562, "DUSP18": 0.10508954668270931, "MT1M": 0.10560352970998466, "MYRFL": 0.10574660282461323, "C21orf90": 0.10578529414701521, "HBG2": 0.10587127003242358, "IL16": 0.10611554344053786, "METAP1D": 0.1061684986774134, "SLC35E2B": 0.1063963742210241, "NTPCR": 0.10665191910905847, "FIGNL1": 0.10670245740209694, "PTPRF": 0.10672444023320882, "RTN4RL1": 0.10676311526067739, "PRDM15": 0.10679166839100507, "CD22": 0.10705002746384995, "F2RL1": 0.10715348971121674, "ATP6V1D": 0.107320863283352, "DDTL": 0.1074091993607249, "FN3KRP": 0.10751611838092234, "SLC17A8": 0.10789993617521887, "SUSD4": 0.1082523519359393, "DBH": 0.10835423520450949, "NUDT18": 0.10841188696822801, "RDH16": 0.10848806653029897, "SMLR1": 0.10863197968865279, "PLGLB2": 0.10883723255300826, "ZFYVE28": 0.10894076774123906, "NDUFAF6": 0.10902681569154993, "SLC6A16": 0.10905958698910556, "EPSTI1": 0.10906978350824748, "SMN2": 0.10919917107287702, "NSUN6": 0.10921122568337083, "CENPP": 0.10925495877603808, "IFT27": 0.1095120379101866, "CDH23": 0.10963785862271891, "SPSB2": 0.1096600825482632, "LTBP3": 0.10966320118336625, "FGF21": 0.10979023441217706, "C22orf43": 0.1098019068342646, "C21orf119": 0.10981014307902015, "CDK3": 0.1098969880867493, "PMS2": 0.11002267380839559, "C17orf89": 0.11009556053419889, "TADA1": 0.11022862222367369, "CARS2": 0.11033669749880293, "ZNF296": 0.11081515945667864, "GDPD3": 0.1108596094044012, "UQCC1": 0.11104885947006782, "FBXO17": 0.1111309073575919, "XRCC6BP1": 0.11115224874572593, "PPARA": 0.11125608375108786, "MGST3": 0.11137860536681288, "SLC17A3": 0.11145989938290768, "EDEM1": 0.11173320553411159, "TGDS": 0.11185040786692557, "CERK": 0.11187373210098972, "GPR180": 0.1119274867728004, "INSIG1": 0.11205738069148286, "CCDC28A": 0.11218663122833394, "SLC10A4": 0.1122020241100472, "FUT6": 0.11254807321795202, "TBX10": 0.11264071502756767, "CTDP1": 0.11270471852742858, "GOLGA8O": 0.11307831766533472, "CRYBB3": 0.11310353357406289, "MRPS26": 0.11315034479892816, "RPS28": 0.11317665154425427, "POLM": 0.1132275292819438, "ABCB9": 0.11332183472758572, "SPTLC3": 0.11333204798951702, "SLC2A11": 0.11338789798907101, "FCRLB": 0.11365047479667911, "FOXD4": 0.11372778944053508, "KDM8": 0.11381683331868064, "NPBWR1": 0.1141209183795846, "CBR1": 0.11459134495328627, "MLEC": 0.11477678576718464, "C1orf53": 0.11479514220383535, "C4orf33": 0.11489682587354366, "TMEM45B": 0.11499879711181293, "SLC35E2": 0.11536214621061447, "C7orf49": 0.11555669894471876, "MAP1LC3A": 0.11561420903950648, "SLC6A1": 0.11562365357267268, "TMEM41A": 0.11568860024880578, "FOPNL": 0.1158947502710852, "UGT3A1": 0.11613457650752057, "MT1H": 0.11615881044440357, "GDF15": 0.11632416835480885, "OXER1": 0.11634903199683322, "ARL16": 0.11635728658152189, "CCDC82": 0.11647182373312504, "BTN3A2": 0.11655654261497617, "CCL15": 0.11665067690034281, "PPIF": 0.11665554238564724, "TMEM99": 0.11686035115667792, "USP36": 0.11703538325108642, "GBP3": 0.11725989386136249, "TMEM52": 0.11741449352132705, "NIPAL1": 0.11748476261704255, "TARS2": 0.11749851248876642, "CYP4F12": 0.11758624048674449, "C11orf21": 0.11772798634542969, "CD1E": 0.11797025371340997, "NAPG": 0.11799344995469951, "AMBP": 0.11813970221972969, "GOLGA6L4": 0.11829010403747375, "RDH5": 0.11829020653760214, "PCDHB13": 0.11834660884219161, "SRR": 0.11839836891059363, "RPA2": 0.11848298530015544, "PTGR1": 0.11858499590204374, "RDH10": 0.11896603007148432, "MRI1": 0.11915738331256254, "ZNF559": 0.11929869337340282, "ERAP1": 0.11947243046631773, "F7": 0.11975070163772727, "ISOC2": 0.11983049705173698, "LCN12": 0.11990356987789941, "CYP7B1": 0.12045632890875879, "FAM169B": 0.120865821374597, "ZNF589": 0.12097494737247505, "MT1B": 0.12109528137259318, "HS3ST3B1": 0.12165512235313614, "ZNF514": 0.12178132690863297, "ADAT1": 0.12179422346147195, "NMNAT3": 0.12187994048023487, "CYP2A13": 0.12226641535377869, "HIBCH": 0.1222788164955233, "HTR7": 0.122900281372055, "ATXN7L2": 0.12307839796358166, "CPN1": 0.12328066769790613, "C7orf13": 0.1234242336506961, "RREB1": 0.12344247321764001, "GLDC": 0.12348754391883077, "WHAMM": 0.12360071767540148, "CFHR4": 0.12376237655195155, "RGPD8": 0.1238735992923532, "CYB561D2": 0.12412137143714119, "SAA2": 0.12453283481480426, "NINJ2": 0.1246628168178745, "ASIC3": 0.12489842138791474, "NT5C3B": 0.12594222943100508, "FBXO31": 0.12624730896748648, "AGAP4": 0.12645578947287905, "FGF23": 0.12683099958838184, "FIGN": 0.12724575683631745, "FOXN2": 0.12737404084120474, "TMEM116": 0.1274506762688441, "MGST1": 0.12780163799512767, "SPTBN5": 0.12790476954036478, "RBL2": 0.12791871115442532, "GPX4": 0.12797064715471507, "CD276": 0.12811275747568462, "SPDYC": 0.12839571965830832, "GPR135": 0.12846969217720527, "XPNPEP3": 0.128575892676853, "C1orf228": 0.12884930952736795, "TMEM86B": 0.12887810939406918, "H3F3A": 0.12895040139029845, "ITGAD": 0.12913843830762417, "ZNF786": 0.12975772923618933, "DPYSL4": 0.1297986771399815, "C15orf40": 0.1299148780874413, "SPTY2D1": 0.129934966145143, "EP400NL": 0.13012866456142547, "TRIM9": 0.13015203762469785, "TMEM37": 0.13047521791806904, "CTSW": 0.1305092590751542, "CTAGE8": 0.13088549275040862, "PTGR2": 0.1313295661061744, "AGTR1": 0.13149803825157935, "C8orf46": 0.13157605557112007, "C10orf32": 0.1327027738856401, "TBC1D9B": 0.1327982848989997, "SIRT6": 0.13286110895629477, "SMG5": 0.13305928013052437, "AGT": 0.13343522809237474, "WWOX": 0.13357620098908285, "CYP4V2": 0.13391904498759288, "C16orf3": 0.13393324516521066, "GFM1": 0.13426667464424558, "SCAPER": 0.13449461226017778, "DNAJC15": 0.13482096983535996, "ABCB11": 0.1349317119116913, "KANSL2": 0.1350576571620401, "GPX7": 0.13506663828798082, "LCLAT1": 0.1356213293993278, "IGFLR1": 0.13625324995988652, "CDHR5": 0.13636402833669425, "PCGF3": 0.1367131400166386, "PNLDC1": 0.1367626212902815, "LIPT1": 0.13749678657259157, "MED16": 0.13764572627691507, "EMC9": 0.13825312855344496, "CYP7A1": 0.1384015680795878, "EFNA2": 0.13887692763923098, "PARP14": 0.1391436486008537, "METTL18": 0.1392107357668957, "GALK1": 0.13931163042733008, "ZNF334": 0.13949097764995955, "SPATA21": 0.13967935068500825, "KNOP1": 0.14017379028057864, "CHEK2": 0.14032218533217478, "KNSTRN": 0.14037535253365618, "ATAD3C": 0.1406169981902714, "IGHMBP2": 0.14120658890972582, "CLPTM1L": 0.1413844395218513, "FAM21A": 0.14152564804718182, "GPR17": 0.1416688115490894, "CABLES1": 0.14258228838610965, "FAM198A": 0.1426300967418479, "PEX6": 0.14364351366332162, "ZNF550": 0.1437323074882011, "SMC6": 0.14414620412555124, "PDIA5": 0.14415650089198184, "FAM106A": 0.14478786190715542, "SEC16B": 0.144825354644329, "SLC2A8": 0.14497103944734224, "NYNRIN": 0.14526108399339765, "TIMM10": 0.14553882077115166, "NARFL": 0.14601540842673533, "TTLL13": 0.14628394817469825, "CNTD2": 0.1464009203584773, "CNGA1": 0.14655608889542293, "EBNA1BP2": 0.14672435318880162, "FOXRED1": 0.14690822579482532, "ZNF223": 0.1470094265177977,