{"WDR83OS": 5.236181788571504e-10, "ARFIP2": 1.650370829798034e-09, "CDC42": 2.3695180201015205e-09, "PRR11": 5.717921506736564e-09, "MON1B": 1.1491823133351733e-08, "HAND2": 1.3396947689288139e-08, "UBE2Z": 3.046629704135892e-08, "MSANTD4": 3.743710995047652e-08, "FAM3B": 5.4807221613569415e-08, "CPSF6": 8.117601231571287e-08, "MRPL30": 9.182293853805788e-08, "FN3K": 9.288353838422578e-08, "RETSAT": 1.0138397742883775e-07, "PTMA": 1.0627395617601187e-07, "C5orf22": 1.3050565269036364e-07, "STK24": 1.3998721829151353e-07, "AGO4": 1.4716953331322809e-07, "C11orf86": 1.5828390669631073e-07, "HELQ": 1.6332197274823192e-07, "A1CF": 1.6676702298809173e-07}