{"PKN3": 0.5023722014302621, "THNSL2": 0.5102497471108478, "GSTT1": 0.512989475717692, "GSTT2": 0.5132431758329972, "DOPEY2": 0.515921473961555, "XKR9": 0.5257457796568623, "C17orf97": 0.5672138929095496, "DDT": 0.5833670780246827, "PILRA": 0.6287449908122653, "FAM118A": 0.700421157298706}