{"WDR83OS": 5.236181788571504e-10, "ARFIP2": 1.650370829798034e-09, "CDC42": 2.3695180201015205e-09, "PRR11": 5.717921506736564e-09, "MON1B": 1.1491823133351733e-08, "HAND2": 1.3396947689288139e-08, "UBE2Z": 3.046629704135892e-08, "MSANTD4": 3.743710995047652e-08, "FAM3B": 5.4807221613569415e-08, "CPSF6": 8.117601231571287e-08, "MRPL30": 9.182293853805788e-08, "FN3K": 9.288353838422578e-08, "RETSAT": 1.0138397742883775e-07, "PTMA": 1.0627395617601187e-07, "C5orf22": 1.3050565269036364e-07, "STK24": 1.3998721829151353e-07, "AGO4": 1.4716953331322809e-07, "C11orf86": 1.5828390669631073e-07, "HELQ": 1.6332197274823192e-07, "A1CF": 1.6676702298809173e-07, "RWDD1": 2.2372979160543145e-07, "ADRB2": 2.320850546094208e-07, "BAIAP2L1": 2.435496358192164e-07, "JMJD4": 2.5377150442142343e-07, "KPTN": 2.5944499058905334e-07, "ITGA9": 2.6958199317637273e-07, "WDR36": 2.867189853762985e-07, "TJP2": 2.911296281588754e-07, "SOCS2": 3.1106649018567605e-07, "OS9": 3.419614601000717e-07, "RIOK1": 3.4730125206506053e-07, "FOLR2": 3.484143861570418e-07, "DBF4": 3.6219138489920486e-07, "G0S2": 4.2574685803960593e-07, "SKIV2L2": 4.346905548005771e-07, "C1orf172": 4.5963172588700825e-07, "MFSD12": 4.8528449534606e-07, "FAHD2B": 5.056418541534988e-07, "IFT43": 5.42160775425497e-07, "CPSF2": 5.59507992595762e-07, "MTA3": 6.322324218522789e-07, "ATF4": 6.886203556081585e-07, "PLEK2": 6.958228397090713e-07, "SH3YL1": 6.978625531166836e-07, "ACTR3": 7.113323308857691e-07, "C11orf54": 7.289023493732009e-07, "RAB2B": 7.46901808821994e-07, "PWWP2A": 7.528868762970471e-07, "SYT12": 7.773594107388409e-07, "PMPCB": 8.21945048284557e-07, "SMARCAD1": 8.748733460085986e-07, "DYRK4": 8.941450162871682e-07, "ATP13A4": 9.507057656551695e-07, "CDAN1": 9.52692315051018e-07, "PSEN2": 9.614579005780976e-07, "CNPPD1": 1.0356854639295877e-06, "CENPJ": 1.135783164185665e-06, "TRPV2": 1.1632673516880993e-06, "LAMC2": 1.1648084780351204e-06, "FSIP1": 1.192350460670641e-06, "MIDN": 1.21844439530521e-06, "TM9SF2": 1.2431123152835535e-06, "MAPKAPK3": 1.3333276611423277e-06, "C4orf27": 1.4369716726194993e-06, "ZNF544": 1.4448064125316081e-06, "OVGP1": 1.476404490390344e-06, "DCAF17": 1.6311662530601453e-06, "GRASP": 1.652574026861245e-06, "LOX": 1.7493900921408944e-06, "STK17A": 1.8040163821723233e-06, "SEC61A1": 1.9335116013810744e-06, "HNRNPU": 1.9477036762913084e-06, "HCN3": 1.966111858372555e-06, "NOP10": 1.9786977945614724e-06, "VWA1": 1.981365312002945e-06, "IFT88": 2.0291591810778415e-06, "CD38": 2.050532200378367e-06, "SNAP25": 2.0554899402890157e-06, "ETV4": 2.0845495102555248e-06, "PDLIM2": 2.1999475132274213e-06, "MRPS30": 2.2969315457042287e-06, "CDC20": 2.3372853232050055e-06, "NPL": 2.366493902572565e-06, "SATB1": 2.3699762660302063e-06, "CBWD2": 2.5286845802580685e-06, "CCDC146": 2.5596020251224353e-06, "TRIM68": 2.643609618335123e-06, "JMJD1C": 2.678760997337564e-06, "RBMS3": 2.7054273883274555e-06, "ZNF428": 2.8822714780003486e-06, "PTPN23": 2.9937266593179805e-06, "HARS": 3.074271813681431e-06, "C17orf80": 3.1057875674400746e-06, "GPCPD1": 3.1523469773387606e-06, "SMCR8": 3.1533453867454644e-06, "CHML": 3.205362544618723e-06, "ZBTB11": 3.2517304832315478e-06, "CLIP1": 3.2689222009016448e-06, "IL15": 3.5308719548174605e-06, "ZBTB10": 3.5388350581958016e-06, "CUEDC1": 3.6863537693042613e-06, "YY1AP1": 3.706769300186957e-06, "PPP5C": 3.878237773323348e-06, "PHC1": 3.939110251330313e-06, "RELL2": 4.0090327833941855e-06, "SLCO4C1": 4.033385021906847e-06, "KXD1": 4.0366261443236864e-06, "CYP2C9": 4.1417514699238715e-06, "TXNDC15": 4.310534800018985e-06, "SSX2IP": 4.3996079243313006e-06, "SRSF5": 4.628600462621964e-06, "SMARCC1": 4.672303879474371e-06, "DUSP5": 4.687520197119556e-06, "LYRM2": 4.704640726189513e-06, "CMC1": 4.887910797488938e-06, "PPFIBP1": 5.142537908845585e-06, "PALM2": 5.363805034213373e-06, "RERE": 5.449484608574008e-06, "ARHGAP42": 5.482807693691673e-06, "SULT1A2": 5.643563517205609e-06, "THOC5": 5.662047196668097e-06, "CST3": 5.872685034701572e-06, "CUL7": 5.8767820807015606e-06, "DENND1A": 5.878790493483185e-06, "CDK13": 5.971317411412056e-06, "NEK8": 5.993930704655849e-06, "KCNE4": 6.067029129867146e-06, "TTF2": 6.110125400894293e-06, "POLR2M": 6.150754663311131e-06, "EFTUD2": 6.27628827385221e-06, "TALDO1": 6.345806022453474e-06, "SLC35G5": 6.401395694410894e-06, "PPP6R3": 6.4080965141348565e-06, "RIC8A": 6.50926942956224e-06, "TMEM55B": 6.533439025928052e-06, "FBXO46": 6.704234768121348e-06, "KCTD7": 6.800061382149366e-06, "H2AFV": 6.9397262017754945e-06, "ATAD3A": 7.018798068115248e-06, "CTDNEP1": 7.020269922067279e-06, "MRPL43": 7.100164063369616e-06, "BPGM": 7.142343241194277e-06, "PDGFA": 7.193633202144537e-06, "GORASP1": 7.2301036229129815e-06, "SEPP1": 7.348466498824336e-06, "POLR3G": 7.3506605698364495e-06, "PCBP2": 7.369451071597788e-06, "CDC34": 7.372803894485603e-06, "ZNF562": 7.408580563249148e-06, "TMEM88": 7.744499380371811e-06, "DCAF10": 7.974154597255626e-06, "SPRTN": 8.13440770578767e-06, "SERINC5": 8.176904055263523e-06, "CCDC47": 8.189897364067195e-06, "DHX8": 8.250534546821531e-06, "METTL25": 8.425694904609171e-06, "CEP95": 8.481044776686986e-06, "ZNF205": 8.500038221979445e-06, "LRRC29": 8.643188127635071e-06, "AIDA": 8.763241430167915e-06, "GPN3": 9.681176170027667e-06, "PPP1R37": 9.714622112152885e-06, "MRPL1": 9.740513208025012e-06, "HEATR5A": 9.887381434092735e-06, "ABI1": 9.990277448922483e-06, "C1orf54": 1.0163381499739071e-05, "RAB3IP": 1.0250769892023294e-05, "CNOT11": 1.0700389922568452e-05, "ZNF852": 1.1187631573344634e-05, "P2RX3": 1.1214820915954034e-05, "COMMD2": 1.1287234236356672e-05, "MAPRE1": 1.1333920469536673e-05, "CHMP4A": 1.15560868477437e-05, "VPS4B": 1.1651742446230906e-05, "FBXL17": 1.1783432108145725e-05, "ZNF781": 1.1834829473683e-05, "RPS5": 1.191252498464277e-05, "TMOD3": 1.1945825463021526e-05, "TEAD3": 1.2060067472411057e-05, "SLC52A2": 1.2060759614091832e-05, "ADCY4": 1.2105306992029176e-05, "EXOSC7": 1.2556584296900786e-05, "TBCCD1": 1.273028121894171e-05, "CCNA2": 1.288791344857817e-05, "MRPS16": 1.301931054920242e-05, "TRIM27": 1.3025314639371311e-05, "KLF6": 1.3121063975829461e-05, "BET1L": 1.324269720756957e-05, "USP10": 1.3312177171640772e-05, "ADPGK": 1.3337603018781377e-05, "IFT20": 1.3495643410592307e-05, "ZNF354C": 1.3551343817008602e-05, "RPS27A": 1.3565165500220458e-05, "ETFDH": 1.3616360627648173e-05, "MPZ": 1.3968634279688287e-05, "NME1-NME2": 1.4044155974516292e-05, "SERTAD3": 1.454435248380453e-05, "DGKD": 1.4753974300176778e-05, "EFNA4": 1.478234871659566e-05, "IMPDH2": 1.4857792289720223e-05}